{
    "loss": 0.6401293873786926,
    "accuracy": 0.7410072088241577
}