{
    "loss": 0.41058579087257385,
    "accuracy": 0.9568345546722412
}