{
    "loss": 0.4105859100818634,
    "accuracy": 0.9568345546722412
}