{
    "loss": 6.050376892089844,
    "accuracy": 0.6978417038917542
}