{
    "loss": 14.222518920898438,
    "accuracy": 0.5035971403121948
}