{
    "loss": 0.6811122894287109,
    "accuracy": 0.935251772403717
}