{
    "loss": 0.27006417512893677,
    "accuracy": 0.9424460530281067
}