{
    "loss": 0.19601823389530182,
    "accuracy": 0.9280575513839722
}